Year,Qtr,cert,docket,fed_rssd,rssdhcr,name,city,stalp,zip,repdte,rundate,bkclass,address,namehcr,offdom,offfor,stmult,specgrp,subchaps,county,cbsa_metro,cbsa_metro_name,estymd,insdate,effdate,mutual,parcert,trust,regagnt,insagnt1,fdicdbs,fdicsupv,fldoff,fed,occdist,otsregnm,offoa,cb,inst.webaddr,lnlsnet,lnatres,lnlsgr,lncontra,idlnls,lnre,lnredom,lnrecons,lnrenres,LNRENROW,LNRENROT,lnremult,lnreres,lnreag,lnrefor,lnag,lnci,lncinus,lncon,lncrcd,lnconrp,LNAUTO,lnconoth,lnotci,lnfg,lnmuni,idothlns,ls,lndepac,lncomre,LNPLEDGE,lnrenus,rslnltot,rslnls,LNRECNFM,LNRECNOT,RB2LNRES,lnlsgrf
2008,630,58410,0,3783313,0,Cross River Bank,Teaneck,NJ,7666,39629,43510,NM,885 Teaneck Road,,1,0,0,7,0,Bergen,35620,"New York-Newark-Jersey City, NY-NJ-PA",39622,39622,39631,Stock,0,0,FDIC,DIF,New York,NEW YORK,Jamesburg,New York,Northeastern,Northeast,0,0,http://www.crossriver.com,0,0,0,0,0,0,0,0,0,0,0,0,0,0,,0,0,,0,0,0,,0,0,0,0,0,0,0,0,,,0,0,0,0,0,
2008,930,58410,0,3783313,0,Cross River Bank,Teaneck,NJ,7666,39721,43510,NM,885 Teaneck Road,,1,0,0,7,0,Bergen,35620,"New York-Newark-Jersey City, NY-NJ-PA",39622,39622,40468,Stock,0,0,FDIC,DIF,New York,NEW YORK,Jamesburg,New York,Northeastern,Northeast,0,1,http://www.crossriver.com,635,4,639,10,649,549,549,0,0,0,0,0,549,0,,0,100,,0,0,0,,0,0,0,0,0,0,0,0,,,0,0,0,0,4,
2008,1231,58410,0,3783313,0,Cross River Bank,Teaneck,NJ,7666,39813,43510,NM,885 Teaneck Road,,1,0,0,7,0,Bergen,35620,"New York-Newark-Jersey City, NY-NJ-PA",39622,39622,40468,Stock,0,0,FDIC,DIF,New York,NEW YORK,Jamesburg,New York,Northeastern,Northeast,0,1,http://www.crossriver.com,5602,50,5652,47,5699,5516,5516,0,2544,0,2544,0,2972,0,,0,183,,0,0,0,,0,0,0,0,0,0,0,0,,,0,0,0,0,50,
2009,331,58410,0,3783313,0,Cross River Bank,Teaneck,NJ,7666,39903,43510,NM,885 Teaneck Road,,1,0,0,7,0,Bergen,35620,"New York-Newark-Jersey City, NY-NJ-PA",39622,39622,40468,Stock,0,0,FDIC,DIF,New York,NEW YORK,Jamesburg,New York,Northeastern,Northeast,0,1,http://www.crossriver.com,7898,78,7976,66,8042,7235,7235,0,4189,0,4189,0,3046,0,,0,619,,188,0,0,,188,0,0,0,0,0,0,0,,,0,0,0,0,78,
2009,630,58410,0,3783313,0,Cross River Bank,Teaneck,NJ,7666,39994,43510,NM,885 Teaneck Road,,1,0,0,4,0,Bergen,35620,"New York-Newark-Jersey City, NY-NJ-PA",39622,39622,40468,Stock,0,0,FDIC,DIF,New York,NEW YORK,Jamesburg,New York,Northeastern,Northeast,0,1,http://www.crossriver.com,14364,175,14539,106,14645,13092,13092,0,6322,0,6322,3784,2986,0,,0,1552,,0,0,0,,0,0,0,0,0,0,0,0,,,0,0,0,0,175,
2009,930,58410,0,3783313,0,Cross River Bank,Teaneck,NJ,7666,40086,43510,NM,885 Teaneck Road,,1,0,0,4,0,Bergen,35620,"New York-Newark-Jersey City, NY-NJ-PA",39622,39622,40468,Stock,0,0,FDIC,DIF,New York,NEW YORK,Jamesburg,New York,Northeastern,Northeast,0,1,http://www.crossriver.com,22118,267,22385,148,22533,20562,20562,0,10952,0,10952,6317,3293,0,,0,1972,,0,0,0,,0,0,0,0,0,0,0,0,,,0,0,0,0,267,
2009,1231,58410,0,3783313,,CROSS RIVER BANK,Teaneck,NJ,7666,40178,44060,NM,885 Teaneck Rd.,,1,0,,4,0,Bergen,35620,"New York-Newark-Jersey City, NY-NJ-PA",39622,39622,39659,Stock,0,0,FDIC,DIF,New York,NEW YORK,Jamesburg,New York,Northeastern,Northeast,0,1,"http://www.crossriverbank.com, https://www.brixdirect.com",34494,387,34881,334,35215,32910,32910,0,13857,0,13857,6910,12143,0,,0,2305,,0,0,0,,0,0,0,0,0,0,0,0,,,0,0,0,0,387,
2010,331,58410,0,3783313,,CROSS RIVER BANK,Teaneck,NJ,7666,40268,44060,NM,885 Teaneck Rd.,,1,0,0,4,0,Bergen,35620,"New York-Newark-Jersey City, NY-NJ-PA",39622,39622,39659,Stock,0,0,FDIC,DIF,New York,NEW YORK,Jamesburg,New York,Northeastern,Northeast,0,1,"http://www.crossriverbank.com, https://www.brixdirect.com",40025,470,40495,357,40852,38443,38443,0,16839,0,16839,7817,13787,0,,0,2410,,0,0,0,,0,0,0,0,0,0,0,0,,,0,0,0,0,470,
2010,630,58410,0,3783313,,CROSS RIVER BANK,Teaneck,NJ,7666,40359,44060,NM,885 Teaneck Rd.,,1,0,0,4,0,Bergen,35620,"New York-Newark-Jersey City, NY-NJ-PA",39622,39622,39659,Stock,0,0,FDIC,DIF,New York,NEW YORK,Jamesburg,New York,Northeastern,Northeast,0,1,"http://www.crossriverbank.com, https://www.brixdirect.com",46215,553,46768,358,47126,42238,42238,0,19543,0,19543,8189,14506,0,,0,3151,,1737,0,250,,1487,0,0,0,0,0,0,0,,,0,0,0,0,553,
2010,930,58410,0,3783313,,CROSS RIVER BANK,Teaneck,NJ,7666,40451,44060,NM,885 Teaneck Rd.,,1,0,0,4,0,Bergen,35620,"New York-Newark-Jersey City, NY-NJ-PA",39622,39622,39659,Stock,0,0,FDIC,DIF,New York,NEW YORK,Jamesburg,New York,Northeastern,Northeast,0,1,"http://www.crossriverbank.com, https://www.brixdirect.com",58037,659,58696,374,59070,51846,51846,0,25708,0,25708,10312,15826,0,,0,3201,,4022,0,445,,3577,0,0,0,0,0,0,0,,,0,0,0,0,660,
2010,1231,58410,0,3783313,,CROSS RIVER BANK,Teaneck,NJ,7666,40543,44150,NM,885 Teaneck Rd.,,1,0,0,4,0,Bergen,35620,"New York-Newark-Jersey City, NY-NJ-PA",39622,39622,40469,Stock,0,0,FDIC,DIF,New York,NEW YORK,Jamesburg,New York,Northeastern,Northeast,0,1,"http://www.crossriverbank.com, https://www.brixdirect.com",71570,774,72344,390,72734,62242,62242,0,33725,0,33725,11473,17044,0,,0,3089,,7403,0,530,,6873,0,0,0,0,0,0,0,0,,0,0,0,0,774,
2011,331,58410,0,3783313,,CROSS RIVER BANK,Teaneck,NJ,7666,40633,44150,NM,885 Teaneck Rd.,,1,0,0,4,0,Bergen,35620,"New York-Newark-Jersey City, NY-NJ-PA",39622,39622,40469,Stock,0,0,FDIC,DIF,New York,NEW YORK,Jamesburg,New York,Northeastern,Northeast,0,1,"http://www.crossriverbank.com, https://www.brixdirect.com",84382,941,85323,423,85746,71332,71332,0,35526,0,35526,15310,20496,0,,0,3106,,11308,0,520,0,10788,0,0,0,0,0,0,0,23988,,0,0,0,0,942,
2011,630,58410,0,3783313,,CROSS RIVER BANK,Teaneck,NJ,7666,40724,44150,NM,885 Teaneck Rd.,,1,0,0,4,0,Bergen,35620,"New York-Newark-Jersey City, NY-NJ-PA",39622,39622,40469,Stock,0,0,FDIC,DIF,New York,NEW YORK,Jamesburg,New York,Northeastern,Northeast,0,1,"http://www.crossriverbank.com, https://www.brixdirect.com",99034,1142,100176,437,100613,76702,76702,0,37815,3313,34502,16670,22217,0,,0,3734,,20178,0,546,0,19632,0,0,0,0,0,0,0,43850,,0,0,0,0,1142,
2011,630,34444,0,2354985,,CUSTOMERS BANK,Phoenixville,PA,19460,40724,44150,SM,99 Bridge St,,12,0,1,5,0,Chester,37980,"Philadelphia-Camden-Wilmington, PA-NJ-DE-MD",35607,35607,40639,Stock,0,0,FED,DIF,New York,NEW YORK,Philadelphia,Philadelphia,Northeastern,Northeast,0,1,http://www.customersbank.com,887869,13946,901815,0,901815,774181,774181,59241,144284,87845,56439,16429,546966,7261,,3392,52558,460,64822,0,99,0,64723,6862,354,0,6502,0,6,572,820594,0,3374,2965,50776,8465,9428,
2011,930,58410,0,3783313,,CROSS RIVER BANK,Teaneck,NJ,7666,40816,44150,NM,885 Teaneck Rd.,,1,0,0,4,0,Bergen,35620,"New York-Newark-Jersey City, NY-NJ-PA",39622,39622,40469,Stock,0,0,FDIC,DIF,New York,NEW YORK,Jamesburg,New York,Northeastern,Northeast,0,1,"http://www.crossriverbank.com, https://www.brixdirect.com",108135,1226,109361,457,109818,86332,86332,1736,41632,5633,35999,16150,26814,0,,0,3789,,19697,0,536,0,19161,0,0,0,0,0,0,0,46617,,0,0,400,1336,1226,
2011,930,34444,0,2354985,4284536,CUSTOMERS BANK,Phoenixville,PA,19460,40816,44150,SM,99 Bridge St,CUSTOMERS BCORP INC,17,0,1,9,0,Chester,37980,"Philadelphia-Camden-Wilmington, PA-NJ-DE-MD",35607,35607,40803,Stock,0,0,FED,DIF,New York,NEW YORK,Philadelphia,Philadelphia,Northeastern,Northeast,0,1,http://www.customersbank.com,1203990,14025,1218015,0,1218015,660624,660624,58432,188799,113166,75633,23347,382708,7338,,3358,63181,431,67493,0,112,0,67381,423359,353,0,423001,0,5,502,575452,0,4176,3179,49762,8670,13541,
2011,1231,58410,0,3783313,,CROSS RIVER BANK,Teaneck,NJ,7666,40908,44150,NM,885 Teaneck Rd.,,1,0,0,4,0,Bergen,35620,"New York-Newark-Jersey City, NY-NJ-PA",39622,39622,40469,Stock,0,0,FDIC,DIF,New York,NEW YORK,Jamesburg,New York,Northeastern,Northeast,0,1,"http://www.crossriverbank.com, https://www.brixdirect.com",125194,1369,126563,509,127072,98823,98823,1736,48226,5919,42307,18925,29936,0,,0,3771,,24478,0,609,0,23869,0,0,0,0,0,0,0,46408,,0,0,400,1336,1369,
2011,1231,34444,0,2354985,4284536,CUSTOMERS BANK,Phoenixville,PA,19460,40908,44150,SM,99 Bridge St,CUSTOMERS BCORP INC,15,0,1,9,0,Chester,37980,"Philadelphia-Camden-Wilmington, PA-NJ-DE-MD",35607,35607,40803,Stock,0,0,FED,DIF,New York,NEW YORK,Philadelphia,Philadelphia,Northeastern,Northeast,0,1,http://www.customersbank.com,1501361,15032,1516393,0,1516393,736074,736074,54732,258399,132659,125740,63892,351720,7331,,3346,77315,402,73190,0,60,0,73130,626468,307,0,626156,0,5,516,100630,0,3616,2870,44923,9809,15085,
2012,331,58410,0,3783313,,CROSS RIVER BANK,Teaneck,NJ,7666,40999,44150,NM,885 Teaneck Rd.,,1,0,0,4,0,Bergen,35620,"New York-Newark-Jersey City, NY-NJ-PA",39622,39622,40469,Stock,0,0,FDIC,DIF,New York,NEW YORK,Jamesburg,New York,Northeastern,Northeast,0,1,"http://www.crossriverbank.com, https://www.brixdirect.com",129216,1434,130650,490,131140,102814,102814,1736,51151,5491,45660,21652,28275,0,,0,3627,,24698,0,749,0,23949,0,0,0,0,0,0,0,31047,,0,0,400,1336,1434,
2012,331,34444,0,2354985,4284536,CUSTOMERS BANK,Phoenixville,PA,19460,40999,44150,SM,99 Bridge St,CUSTOMERS BCORP INC,15,0,1,9,0,Chester,37980,"Philadelphia-Camden-Wilmington, PA-NJ-DE-MD",35607,35607,40803,Stock,0,0,FED,DIF,New York,NEW YORK,Philadelphia,Philadelphia,Northeastern,Northeast,0,1,http://www.customersbank.com,1472332,15400,1487732,0,1487732,771993,771993,50599,271348,140075,131273,84564,358274,7208,,3213,81165,414,63921,0,71,0,63850,567440,306,0,567129,0,5,509,97245,0,1604,938,39829,10770,15453,
2012,630,58410,0,3783313,,CROSS RIVER BANK,Teaneck,NJ,7666,41090,44150,NM,885 Teaneck Rd.,,1,0,0,4,0,Bergen,35620,"New York-Newark-Jersey City, NY-NJ-PA",39622,39622,40469,Stock,0,0,FDIC,DIF,New York,NEW YORK,Jamesburg,New York,Northeastern,Northeast,0,1,"http://www.crossriverbank.com, https://www.brixdirect.com",128043,1442,129485,455,129940,103300,103300,1277,53261,6255,47006,22685,26077,0,,0,3657,,22983,0,849,0,22134,0,0,0,0,0,0,0,29784,,0,0,400,877,1442,
2012,630,34444,0,2354985,4284536,CUSTOMERS BANK,Phoenixville,PA,19460,41090,44150,SM,99 Bridge St,CUSTOMERS BCORP INC,15,0,1,9,0,Chester,37980,"Philadelphia-Camden-Wilmington, PA-NJ-DE-MD",35607,35607,40803,Stock,0,0,FED,DIF,New York,NEW YORK,Philadelphia,Philadelphia,Northeastern,Northeast,0,1,http://www.customersbank.com,1918287,16118,1934405,0,1934405,983231,983231,54936,309049,129631,179418,114240,498387,6619,,3226,79478,455,63719,0,66,0,63653,804751,263,0,804483,0,5,503,95247,0,1892,1124,34893,20043,16171,
2012,930,58410,0,3783313,,CROSS RIVER BANK,Teaneck,NJ,7666,41182,44150,NM,885 Teaneck Rd.,,1,0,0,4,0,Bergen,35620,"New York-Newark-Jersey City, NY-NJ-PA",39622,39622,40469,Stock,0,0,FDIC,DIF,New York,NEW YORK,Jamesburg,New York,Northeastern,Northeast,0,1,"http://www.crossriverbank.com, https://www.brixdirect.com",126707,1389,128096,465,128561,102954,102954,877,51238,5937,45301,21341,29498,0,,0,3952,,21655,0,911,0,20744,0,0,0,0,0,0,0,24294,,0,0,0,877,1389,
2012,930,34444,0,2354985,4284536,CUSTOMERS BANK,Phoenixville,PA,19460,41182,44150,SM,99 Bridge St,CUSTOMERS BCORP INC,15,0,1,4,0,Chester,37980,"Philadelphia-Camden-Wilmington, PA-NJ-DE-MD",35607,35607,40803,Stock,0,0,FED,DIF,New York,NEW YORK,Philadelphia,Philadelphia,Northeastern,Northeast,0,1,http://www.customersbank.com,2250010,24974,2274984,0,2274984,995598,995598,58766,345125,142428,202697,214879,370301,6527,,3153,84692,466,115956,0,55,0,115901,1075585,263,0,1075317,0,5,104,109781,0,1528,1013,31631,27135,25053,
2012,1231,58410,0,3783313,,CROSS RIVER BANK,Teaneck,NJ,7666,41274,44150,NM,885 Teaneck Rd.,,1,0,0,4,0,Bergen,35620,"New York-Newark-Jersey City, NY-NJ-PA",39622,39622,40469,Stock,0,0,FDIC,DIF,New York,NEW YORK,Jamesburg,New York,Northeastern,Northeast,0,1,"http://www.crossriverbank.com, https://www.brixdirect.com",140890,1490,142380,496,142876,115178,115178,864,56953,6214,50739,22570,34791,0,,0,5127,,22571,0,910,0,21661,0,0,0,0,0,0,0,32167,,0,0,0,864,1490,
2012,1231,34444,0,2354985,4284536,CUSTOMERS BANK,Phoenixville,PA,19460,41274,44150,SM,99 Bridge St,CUSTOMERS BCORP INC,15,0,1,4,0,Chester,37980,"Philadelphia-Camden-Wilmington, PA-NJ-DE-MD",35607,35607,40803,Stock,0,0,FED,DIF,New York,NEW YORK,Philadelphia,Philadelphia,Northeastern,Northeast,0,1,http://www.customersbank.com,2738519,25837,2764356,0,2764356,1314079,1314079,70396,428408,156948,271460,365371,443337,6567,,3168,82767,391,113144,0,57,0,113087,1251198,219,0,1250975,0,4,80,513754,0,2213,1084,39753,30643,25916,
2013,331,58410,0,3783313,,CROSS RIVER BANK,Teaneck,NJ,7666,41364,44150,NM,885 Teaneck Rd.,,1,0,0,4,0,Bergen,35620,"New York-Newark-Jersey City, NY-NJ-PA",39622,39622,40469,Stock,0,0,FDIC,DIF,New York,NEW YORK,Jamesburg,New York,Northeastern,Northeast,0,1,"http://www.crossriverbank.com, https://www.brixdirect.com",143479,1543,145022,482,145504,119595,119595,864,61450,6591,54859,24676,32605,0,,0,5344,,20564,0,888,0,19676,0,0,0,0,0,0,0,24828,,0,0,0,864,1543,
2013,331,34444,0,2354985,4284536,CUSTOMERS BANK,Phoenixville,PA,19460,41364,44150,SM,99 Bridge St,CUSTOMERS BCORP INC,15,0,1,4,0,Chester,37980,"Philadelphia-Camden-Wilmington, PA-NJ-DE-MD",35607,35607,40803,Stock,0,0,FED,DIF,New York,NEW YORK,Philadelphia,Philadelphia,Northeastern,Northeast,0,1,http://www.customersbank.com,2952233,26439,2978672,0,2978672,1502128,1502128,77159,499394,162849,336545,478113,440968,6494,,3130,186684,386,110090,0,58,0,110032,1176640,219,0,1176417,0,4,4414,553848,0,3262,1128,36301,40858,26599,
2013,630,58410,0,3783313,,CROSS RIVER BANK,Teaneck,NJ,7666,41455,44150,NM,885 Teaneck Rd.,,1,0,0,4,0,Bergen,35620,"New York-Newark-Jersey City, NY-NJ-PA",39622,39622,40469,Stock,0,0,FDIC,DIF,New York,NEW YORK,Jamesburg,New York,Northeastern,Northeast,0,1,"http://www.crossriverbank.com, https://www.brixdirect.com",124733,1399,126132,427,126559,99982,99982,864,55126,7477,47649,16736,27256,0,,0,7154,,19422,0,631,0,18791,0,0,0,0,0,0,0,26041,,0,0,0,864,1399,
2013,630,34444,0,2354985,4284536,CUSTOMERS BANK,Phoenixville,PA,19460,41455,44150,SM,99 Bridge St,CUSTOMERS BCORP INC,15,0,1,4,0,Chester,37980,"Philadelphia-Camden-Wilmington, PA-NJ-DE-MD",35607,35607,40803,Stock,0,0,FED,DIF,New York,NEW YORK,Philadelphia,Philadelphia,Northeastern,Northeast,0,1,http://www.customersbank.com,3232073,28142,3260215,0,3260215,1801277,1801277,69632,532853,166160,366693,666865,525254,6673,,2958,191276,1525,106871,0,49,0,106822,1157833,175,0,1157655,0,3,4356,519355,0,3319,1044,27179,42453,28297,
2013,930,58410,0,3783313,,CROSS RIVER BANK,Teaneck,NJ,7666,41547,44150,NM,885 Teaneck Rd.,,1,0,0,4,0,Bergen,35620,"New York-Newark-Jersey City, NY-NJ-PA",39622,39622,40469,Stock,0,0,FDIC,DIF,New York,NEW YORK,Jamesburg,New York,Northeastern,Northeast,0,1,"http://www.crossriverbank.com, https://www.brixdirect.com",144539,1653,146192,520,146712,112732,112732,864,68624,8447,60177,16513,26731,0,,0,6468,,27512,1,1929,0,25582,0,0,0,0,0,0,0,26041,,0,0,0,864,1653,
2013,930,34444,0,2354985,4284536,CUSTOMERS BANK,Phoenixville,PA,19460,41547,44150,SM,99 Bridge St,CUSTOMERS BCORP INC,15,0,1,4,0,Chester,37980,"Philadelphia-Camden-Wilmington, PA-NJ-DE-MD",35607,35607,40803,Stock,0,0,FED,DIF,New York,NEW YORK,Philadelphia,Philadelphia,Northeastern,Northeast,0,1,http://www.customersbank.com,2990926,26800,3017726,0,3017726,1787390,1787390,71990,562371,180252,382119,864988,281593,6448,,2931,210448,0,103574,0,52,0,103522,913383,175,1875,911330,0,3,4279,1508536,0,3366,988,25029,46961,26983,
2013,1231,58410,0,3783313,,CROSS RIVER BANK,Teaneck,NJ,7666,41639,44433,NM,885 Teaneck Rd.,,1,0,0,4,0,Bergen,35620,"New York-Newark-Jersey City, NY-NJ-PA",39622,39622,40469,Stock,0,0,FDIC,DIF,New York,NEW YORK,Jamesburg,New York,Northeastern,Northeast,0,1,"http://www.crossriverbank.com, https://www.brixdirect.com",159418,1791,161209,512,161721,121481,121481,864,76124,11863,64261,16489,28004,0,,0,6680,,33560,0,1554,0,32006,0,0,0,0,0,0,0,21679,,0,0,0,864,1791,
2013,1231,34444,0,2354985,4284536,CUSTOMERS BANK,Phoenixville,PA,19460,41639,44433,SM,99 Bridge St,CUSTOMERS BCORP INC,15,0,1,4,0,Chester,37980,"Philadelphia-Camden-Wilmington, PA-NJ-DE-MD",35607,35607,40803,Stock,0,0,FED,DIF,New York,NEW YORK,Philadelphia,Philadelphia,Northeastern,Northeast,0,1,http://www.customersbank.com,3188673,23998,3212671,0,3212671,2122005,2122005,69604,694515,222557,471958,1065091,286296,6499,,2629,234157,0,101001,0,52,0,100949,752879,131,1880,750865,0,3,4238,1688900,0,3378,355,22923,46681,23998,
2014,331,58410,0,3783313,,CROSS RIVER BANK,Teaneck,NJ,7666,41729,44433,NM,885 Teaneck Rd.,,1,0,0,4,0,Bergen,35620,"New York-Newark-Jersey City, NY-NJ-PA",39622,39622,40469,Stock,0,0,FDIC,DIF,New York,NEW YORK,Jamesburg,New York,Northeastern,Northeast,0,1,"http://www.crossriverbank.com, https://www.brixdirect.com",178034,1942,179976,591,180567,133473,133473,877,80669,11536,69133,20181,31746,0,,0,9299,,37795,0,1554,0,36241,0,0,0,0,0,0,0,26810,,0,0,0,877,1942,
2014,331,34444,0,2354985,4284536,CUSTOMERS BANK,Phoenixville,PA,19460,41729,44433,SM,99 Bridge St,CUSTOMERS BCORP INC,15,0,1,4,0,Chester,37980,"Philadelphia-Camden-Wilmington, PA-NJ-DE-MD",35607,35607,40803,Stock,0,0,FED,DIF,New York,NEW YORK,Philadelphia,Philadelphia,Northeastern,Northeast,0,1,http://www.customersbank.com,4027375,26704,4054079,0,4054079,3012372,3012372,66736,796570,224487,572083,1586545,556120,6401,,2409,234630,0,98631,0,48,0,98583,706037,131,1880,704023,0,3,2620,2286100,0,3794,428,21738,44998,26704,
2014,331,29047,2825,950178,,FIRST FEDERAL BANK OF KANSAS CITY,Kansas City,MO,64120,41729,44433,SA,6900 N. Executive Dr.,,7,0,0,5,0,Jackson,28140,"Kansas City, MO-KS",12601,12767,41667,Non-Stock,0,0,OCC,DIF,Kansas City,KANSAS CITY,Kansas City,Kansas City,Western,West,0,1,www.ffbkc.com,261421,1084,262505,0,262505,262285,262285,20196,0,0,0,0,242089,0,,0,0,0,220,0,0,47,173,0,0,0,0,0,0,0,194043,0,0,0,19633,563,1111,
2014,630,58410,0,3783313,,CROSS RIVER BANK,Teaneck,NJ,7666,41820,44433,NM,885 Teaneck Rd.,,1,0,0,4,0,Bergen,35620,"New York-Newark-Jersey City, NY-NJ-PA",39622,39622,40469,Stock,0,0,FDIC,DIF,New York,NEW YORK,Jamesburg,New York,Northeastern,Northeast,0,1,"http://www.crossriverbank.com, https://www.brixdirect.com",193852,1992,195844,643,196487,137718,137718,877,82093,9964,72129,20191,34557,0,,0,9771,,48998,16,1746,0,47236,0,0,0,0,0,0,0,31266,,16,16,0,877,1992,
2014,630,34444,0,2354985,4284536,CUSTOMERS BANK,Phoenixville,PA,19460,41820,44433,SM,99 Bridge St,CUSTOMERS BCORP INC,15,0,1,4,0,Chester,37980,"Philadelphia-Camden-Wilmington, PA-NJ-DE-MD",35607,35607,40803,Stock,0,0,FED,DIF,New York,NEW YORK,Philadelphia,Philadelphia,Northeastern,Northeast,0,0,http://www.customersbank.com,4677313,28186,4705499,0,4705499,3249549,3249549,78295,884152,230073,654079,1840644,440260,6198,,724,275689,0,95695,0,51,0,95644,1083842,88,1880,1081872,0,2,2579,2881962,0,3847,349,20615,57680,28186,
2014,630,29047,2825,950178,,FIRST FEDERAL BANK OF KANSAS CITY,Kansas City,MO,64120,41820,44433,SA,6900 N. Executive Dr.,,7,0,0,5,0,Jackson,28140,"Kansas City, MO-KS",12601,12767,41667,Non-Stock,0,0,OCC,DIF,Kansas City,KANSAS CITY,Kansas City,Kansas City,Western,West,0,1,www.ffbkc.com,277927,1054,278981,0,278981,278713,278713,21737,0,0,0,0,256976,0,,0,0,0,268,0,0,36,232,0,0,0,0,0,0,0,202705,0,0,0,21270,467,1080,
2014,930,58410,0,3783313,,CROSS RIVER BANK,Teaneck,NJ,7666,41912,44433,NM,885 Teaneck Rd.,,1,0,0,4,0,Bergen,35620,"New York-Newark-Jersey City, NY-NJ-PA",39622,39622,40469,Stock,0,0,FDIC,DIF,New York,NEW YORK,Jamesburg,New York,Northeastern,Northeast,0,1,"http://www.crossriverbank.com, https://www.brixdirect.com",215760,2187,217947,667,218614,136235,136235,876,86250,12575,73675,17508,31601,0,,0,11343,,71036,19,1682,0,69335,0,0,0,0,0,0,0,71276,,19,19,0,876,2187,
2014,930,34444,0,2354985,4284536,CUSTOMERS BANK,Phoenixville,PA,19460,41912,44433,SM,99 Bridge St,CUSTOMERS BCORP INC,15,0,1,4,0,Chester,37980,"Philadelphia-Camden-Wilmington, PA-NJ-DE-MD",35607,35607,40803,Stock,0,0,FED,DIF,New York,NEW YORK,Philadelphia,Philadelphia,Northeastern,Northeast,0,0,http://www.customersbank.com,5474772,31083,5505855,0,5505855,3743068,3743068,78845,1001425,216861,784564,2208043,450378,4377,,436,380209,0,92812,0,52,0,92760,1289330,88,5719,1283523,0,0,48,3013991,0,3877,338,15218,63627,31083,
2014,930,29047,2825,950178,,FIRST FEDERAL BANK OF KANSAS CITY,Kansas City,MO,64120,41912,44433,SA,6900 N. Executive Dr.,,7,0,0,5,0,Jackson,28140,"Kansas City, MO-KS",12601,12767,41667,Non-Stock,0,0,OCC,DIF,Kansas City,KANSAS CITY,Kansas City,Kansas City,Western,West,0,1,www.ffbkc.com,304614,1175,305789,0,305789,305415,305415,21379,0,0,0,0,284036,0,,0,0,0,374,0,0,86,288,0,0,0,0,0,0,0,237424,0,0,0,20920,459,1212,
2014,1231,58410,0,3783313,,CROSS RIVER BANK,Teaneck,NJ,7666,42004,44433,NM,885 Teaneck Rd.,,1,0,0,4,0,Bergen,35620,"New York-Newark-Jersey City, NY-NJ-PA",39622,39622,40469,Stock,0,0,FDIC,DIF,New York,NEW YORK,Jamesburg,New York,Northeastern,Northeast,0,1,"http://www.crossriverbank.com, https://www.brixdirect.com",238999,2562,241561,696,242257,141494,141494,876,89971,16431,73540,16121,34526,0,,0,12261,,88502,7,1882,0,86613,0,0,0,0,0,0,0,82516,,7,7,0,876,2562,
2014,1231,34444,0,2354985,4284536,CUSTOMERS BANK,Phoenixville,PA,19460,42004,44433,SM,99 Bridge St,CUSTOMERS BCORP INC,15,0,1,4,0,Chester,37980,"Philadelphia-Camden-Wilmington, PA-NJ-DE-MD",35607,35607,40803,Stock,0,0,FED,DIF,New York,NEW YORK,Philadelphia,Philadelphia,Northeastern,Northeast,0,1,http://www.customersbank.com,5716700,30932,5747632,0,5747632,3841642,3841642,89448,1010561,224473,786088,2289264,448460,3909,,361,419790,0,90321,0,56,0,90265,1395518,44,5906,1389568,0,0,45,3521808,0,3881,259,14129,75319,30932,
2014,1231,29047,2825,950178,,FIRST FEDERAL BANK OF KANSAS CITY,Kansas City,MO,64120,42004,44433,SA,6900 N. Executive Dr.,,7,0,0,5,0,Jackson,28140,"Kansas City, MO-KS",12601,12767,41667,Non-Stock,0,0,OCC,DIF,Kansas City,KANSAS CITY,Kansas City,Kansas City,Western,West,0,1,www.ffbkc.com,351719,1265,352984,0,352984,352526,352526,19866,0,0,0,0,332660,0,,0,0,0,458,0,0,77,381,0,0,0,0,0,0,0,272848,0,0,0,19415,451,1302,
2015,331,58410,0,3783313,,CROSS RIVER BANK,Teaneck,NJ,7666,42094,44517,NM,885 Teaneck Rd.,,1,0,0,4,0,Bergen,35620,"New York-Newark-Jersey City, NY-NJ-PA",39622,39622,40469,Stock,0,0,FDIC,DIF,New York,NEW YORK,Jamesburg,New York,Northeastern,Northeast,0,1,"http://www.crossriverbank.com, https://www.brixdirect.com",275666,3494,279160,785,279945,156484,156484,876,95388,19866,75522,24723,35497,0,,0,15011,,108450,14,2032,0,106404,0,0,0,0,0,0,0,80903,,27,27,0,876,3476,
2015,331,34444,0,2354985,4284536,CUSTOMERS BANK,Phoenixville,PA,19460,42094,44517,SM,99 Bridge St,CUSTOMERS BCORP INC,16,0,1,4,0,Chester,37980,"Philadelphia-Camden-Wilmington, PA-NJ-DE-MD",35607,35607,40803,Stock,0,0,FED,DIF,New York,NEW YORK,Philadelphia,Philadelphia,Northeastern,Northeast,0,1,http://www.customersbank.com,6062368,33566,6095934,0,6095934,3782724,3782724,83348,1062288,256549,805739,2197271,435945,3872,,359,484018,0,86498,0,65,0,86433,1742335,44,11877,1730414,0,0,41,3601324,14702,3838,224,9202,74146,33566,
2015,331,29047,2825,950178,,FIRST FEDERAL BANK OF KANSAS CITY,Kansas City,MO,64120,42094,44517,SA,6900 N. Executive Dr.,,7,0,0,5,0,Jackson,28140,"Kansas City, MO-KS",12601,12767,41667,Non-Stock,0,0,OCC,DIF,Kansas City,KANSAS CITY,Kansas City,Kansas City,Western,West,0,1,www.ffbkc.com,360677,1386,362063,0,362063,361528,361528,21272,0,0,0,0,340256,0,,0,0,0,535,0,0,96,439,0,0,0,0,0,0,0,277261,0,0,0,20831,441,1438,
2015,630,58410,0,3783313,,CROSS RIVER BANK,Teaneck,NJ,7666,42185,44517,NM,885 Teaneck Rd.,,1,0,0,4,0,Bergen,35620,"New York-Newark-Jersey City, NY-NJ-PA",39622,39622,40469,Stock,0,0,FDIC,DIF,New York,NEW YORK,Jamesburg,New York,Northeastern,Northeast,0,1,"http://www.crossriverbank.com, https://www.brixdirect.com",319517,3966,323483,1050,324533,163100,163100,0,77298,24288,53010,41349,44453,0,,0,13621,,147812,8,797,0,147007,0,0,0,0,0,0,0,83355,,0,0,0,0,3578,
2015,630,34444,0,2354985,4284536,CUSTOMERS BANK,Phoenixville,PA,19460,42185,44517,SM,99 Bridge St,CUSTOMERS BCORP INC,16,0,1,4,0,Chester,37980,"Philadelphia-Camden-Wilmington, PA-NJ-DE-MD",35607,35607,40803,Stock,0,0,FED,DIF,New York,NEW YORK,Philadelphia,Philadelphia,Northeastern,Northeast,0,1,http://www.customersbank.com,6517682,37491,6555173,0,6555173,3929512,3929512,90393,1107442,269634,837808,2295500,432956,3221,,357,450238,0,84622,0,58,0,84564,2090444,0,8353,2082091,0,0,29,3574811,14643,6523,2235,8896,81497,37491,
2015,630,29047,2825,950178,,FIRST FEDERAL BANK OF KANSAS CITY,Kansas City,MO,64120,42185,44517,SA,6900 N. Executive Dr.,,7,0,0,5,0,Jackson,28140,"Kansas City, MO-KS",12601,12767,41667,Non-Stock,0,0,OCC,DIF,Kansas City,KANSAS CITY,Kansas City,Kansas City,Western,West,0,1,www.ffbkc.com,367411,1394,368805,0,368805,368142,368142,25757,0,0,0,0,342385,0,,0,0,0,663,0,0,142,521,0,0,0,0,0,0,0,279899,0,0,0,25324,433,1446,
2015,930,58410,0,3783313,4389329,CROSS RIVER BANK,Teaneck,NJ,7666,42277,44517,NM,885 Teaneck Rd.,CRB GROUP INC,1,0,0,4,0,Bergen,35620,"New York-Newark-Jersey City, NY-NJ-PA",39622,39622,40469,Stock,0,0,FDIC,DIF,New York,NEW YORK,Jamesburg,New York,Northeastern,Northeast,0,1,"http://www.crossriverbank.com, https://www.brixdirect.com",293702,4059,297761,1284,299045,167400,167400,0,81159,21688,59471,47244,38997,0,,0,15770,,115875,4,910,0,114961,0,0,0,0,0,0,0,92212,,0,0,0,0,3405,
2015,930,34444,0,2354985,4284536,CUSTOMERS BANK,Phoenixville,PA,19460,42277,44517,SM,99 Bridge St,CUSTOMERS BCORP INC,16,0,1,4,0,Chester,37980,"Philadelphia-Camden-Wilmington, PA-NJ-DE-MD",35607,35607,40803,Stock,0,0,FED,DIF,New York,NEW YORK,Philadelphia,Philadelphia,Northeastern,Northeast,0,1,http://www.customersbank.com,6465281,33823,6499104,0,6499104,4121963,4121963,111614,1131296,273474,857822,2442879,426992,9182,,282,453414,0,82262,0,59,0,82203,1841183,0,7230,1833953,0,0,27,3729901,14584,6666,2331,9239,102375,33823,
2015,930,29047,2825,950178,,FIRST FEDERAL BANK OF KANSAS CITY,Kansas City,MO,64120,42277,44517,SA,6900 N. Executive Dr.,,7,0,0,5,0,Jackson,28140,"Kansas City, MO-KS",12601,12767,41667,Non-Stock,0,0,OCC,DIF,Kansas City,KANSAS CITY,Kansas City,Kansas City,Western,West,0,1,www.ffbkc.com,369364,1453,370817,0,370817,370012,370012,24626,0,0,0,0,345386,0,,0,0,0,805,0,0,192,613,0,0,0,0,0,0,0,282233,0,0,0,24101,525,1515,
2015,1231,58410,0,3783313,4389329,CROSS RIVER BANK,Teaneck,NJ,7666,42369,44517,NM,885 Teaneck Rd.,CRB GROUP INC,1,0,0,4,0,Bergen,35620,"New York-Newark-Jersey City, NY-NJ-PA",39622,39622,40469,Stock,0,0,FDIC,DIF,New York,NEW YORK,Jamesburg,New York,Northeastern,Northeast,0,1,"http://www.crossriverbank.com, https://www.brixdirect.com",301890,3950,305840,1364,307204,179586,179586,0,88809,22335,66474,49658,41119,0,,0,17236,,110382,13,841,0,109528,0,0,0,0,0,0,0,106984,,0,0,0,0,3506,
2015,1231,34444,0,2354985,4284536,CUSTOMERS BANK,Phoenixville,PA,19460,42369,44517,SM,99 Bridge St,CUSTOMERS BCORP INC,16,0,1,4,0,Chester,37980,"Philadelphia-Camden-Wilmington, PA-NJ-DE-MD",35607,35607,40803,Stock,0,0,FED,DIF,New York,NEW YORK,Philadelphia,Philadelphia,Northeastern,Northeast,0,1,http://www.customersbank.com,7214896,35647,7250543,0,7250543,4680710,4680710,112456,1194471,282244,912227,2942771,421343,9669,,269,548480,0,80097,0,66,0,80031,1940987,0,12669,1922053,6265,0,26,3907888,14522,6812,2788,8950,103506,35647,
2015,1231,29047,2825,950178,,FIRST FEDERAL BANK OF KANSAS CITY,Kansas City,MO,64120,42369,44517,SA,6900 N. Executive Dr.,,7,0,0,5,0,Jackson,28140,"Kansas City, MO-KS",12601,12767,41667,Non-Stock,0,0,OCC,DIF,Kansas City,KANSAS CITY,Kansas City,Kansas City,Western,West,0,1,www.ffbkc.com,376786,1454,378240,0,378240,377310,377310,30281,0,0,0,0,347029,0,,0,0,0,930,0,0,239,691,0,0,0,0,0,0,0,285995,0,0,0,29658,623,1516,
2016,331,58410,0,3783313,4389329,CROSS RIVER BANK,Teaneck,NJ,7666,42460,44517,NM,885 Teaneck Rd.,CRB GROUP INC,1,0,0,4,0,Bergen,35620,"New York-Newark-Jersey City, NY-NJ-PA",39622,39622,40469,Stock,0,0,FDIC,DIF,New York,NEW YORK,Jamesburg,New York,Northeastern,Northeast,0,1,"http://www.crossriverbank.com, https://www.brixdirect.com",339148,4250,343398,1465,344863,189115,189115,0,91926,22999,68927,55690,41499,0,,0,24595,0,131153,2,203,0,130948,0,0,0,0,0,0,0,109801,0,0,0,0,0,4024,
2016,331,34444,0,2354985,4284536,CUSTOMERS BANK,Phoenixville,PA,19460,42460,44517,SM,99 Bridge St,CUSTOMERS BCORP INC,16,0,1,4,0,Chester,37980,"Philadelphia-Camden-Wilmington, PA-NJ-DE-MD",35607,35607,40803,Stock,0,0,FED,DIF,New York,NEW YORK,Philadelphia,Philadelphia,Northeastern,Northeast,0,1,http://www.customersbank.com,7838990,37605,7876595,0,7876595,5061103,5061103,126043,1288161,281852,1006309,3204845,432674,9380,,282,610200,0,77845,0,60,0,77785,2127165,0,12636,2108184,6345,0,24,4458521,14460,7732,3305,9978,116065,37605,
2016,331,29047,2825,950178,,FIRST FEDERAL BANK OF KANSAS CITY,Kansas City,MO,64120,42460,44517,SA,6900 N. Executive Dr.,,7,0,0,5,0,Jackson,28140,"Kansas City, MO-KS",12601,12767,41667,Non-Stock,0,0,OCC,DIF,Kansas City,KANSAS CITY,Kansas City,Kansas City,Western,West,0,1,www.ffbkc.com,394855,1593,396448,0,396448,395527,395527,35282,0,0,0,0,360245,0,,0,0,0,921,0,0,299,622,0,0,0,0,0,0,0,284358,0,0,0,34549,733,1670,
2016,630,58410,0,3783313,4389329,CROSS RIVER BANK,Teaneck,NJ,7666,42551,44517,NM,885 Teaneck Rd.,CRB GROUP INC,1,0,0,4,0,Bergen,35620,"New York-Newark-Jersey City, NY-NJ-PA",39622,39622,40469,Stock,0,0,FDIC,DIF,New York,NEW YORK,Jamesburg,New York,Northeastern,Northeast,0,1,"http://www.crossriverbank.com, https://www.brixdirect.com",357025,4525,361550,1492,363042,192818,192818,0,91381,23727,67654,56749,44688,0,,0,27475,0,142749,3,180,0,142566,0,0,0,0,0,0,0,112239,0,0,0,0,0,4549,
2016,630,34444,0,2354985,4284536,CUSTOMERS BANK,Phoenixville,PA,19460,42551,44517,SM,99 Bridge St,CUSTOMERS BCORP INC,16,0,1,4,0,Chester,37980,"Philadelphia-Camden-Wilmington, PA-NJ-DE-MD",35607,35607,40803,Stock,0,0,FED,DIF,New York,NEW YORK,Philadelphia,Philadelphia,Northeastern,Northeast,0,1,http://www.customersbank.com,8378300,38097,8416397,0,8416397,5266884,5266884,109232,1388306,318372,1069934,3330762,429219,9365,,280,606757,0,75029,0,58,0,74971,2467447,0,12530,2449619,5298,0,251,4831362,14399,7922,3376,6786,102446,38097,
2016,630,29047,2825,950178,,FIRST FEDERAL BANK OF KANSAS CITY,Kansas City,MO,64120,42551,44517,SA,6900 N. Executive Dr.,,12,0,1,5,0,Jackson,28140,"Kansas City, MO-KS",12601,12767,42490,Non-Stock,0,0,OCC,DIF,Kansas City,KANSAS CITY,Kansas City,Kansas City,Western,West,0,1,www.ffbkc.com,441592,1563,443155,0,443155,441877,441877,34571,0,0,0,0,407306,0,,0,0,0,1278,0,0,364,914,0,0,0,0,0,0,0,320471,0,0,0,33898,673,1639,
2016,930,58410,0,3783313,4389329,CROSS RIVER BANK,Teaneck,NJ,7666,42643,44517,NM,885 Teaneck Rd.,CRB GROUP INC,1,0,0,4,0,Bergen,35620,"New York-Newark-Jersey City, NY-NJ-PA",39622,39622,40469,Stock,0,0,FDIC,DIF,New York,NEW YORK,Jamesburg,New York,Northeastern,Northeast,0,1,"http://www.crossriverbank.com, https://www.brixdirect.com",411243,5180,416423,1315,417738,205548,205548,0,95588,26089,69499,58851,51109,0,,0,31688,0,180501,7,179,0,180315,0,0,0,0,0,0,0,123257,0,0,0,0,0,5195,
2016,930,34444,0,2354985,4284536,CUSTOMERS BANK,Phoenixville,PA,19460,42643,44517,SM,99 Bridge St,CUSTOMERS BCORP INC,16,0,1,4,0,Chester,37980,"Philadelphia-Camden-Wilmington, PA-NJ-DE-MD",35607,35607,40803,Stock,0,0,FED,DIF,New York,NEW YORK,Philadelphia,Philadelphia,Northeastern,Northeast,0,1,http://www.customersbank.com,8381806,37897,8419703,0,8419703,5107973,5107973,116601,1409622,366837,1042785,3171872,400586,9292,,139,671303,0,72428,0,65,0,72363,2567860,0,11956,2546561,9343,0,20,5063239,14336,7817,3317,5316,111285,37992,
2016,930,29047,2825,950178,,FIRST FEDERAL BANK OF KANSAS CITY,Kansas City,MO,64120,42643,44517,SA,6900 N. Executive Dr.,,12,0,1,5,0,Jackson,28140,"Kansas City, MO-KS",12601,12767,42490,Non-Stock,0,0,OCC,DIF,Kansas City,KANSAS CITY,Kansas City,Kansas City,Western,West,0,1,www.ffbkc.com,460552,1661,462213,0,462213,461071,461071,32240,0,0,0,0,428831,0,,0,0,0,1142,0,0,360,782,0,0,0,0,0,0,0,347239,0,0,0,31400,840,1738,
2016,1231,58410,0,3783313,4389329,CROSS RIVER BANK,Teaneck,NJ,7666,42735,44517,NM,885 Teaneck Rd.,CRB GROUP INC,1,0,0,4,0,Bergen,35620,"New York-Newark-Jersey City, NY-NJ-PA",39622,39622,40469,Stock,0,0,FDIC,DIF,New York,NEW YORK,Jamesburg,New York,Northeastern,Northeast,0,1,"http://www.crossriverbank.com, https://www.brixdirect.com",418769,5700,424469,1601,426070,211932,211932,0,105228,34152,71076,49672,57032,0,,0,30434,0,183120,4,180,0,182936,585,0,0,585,0,0,0,134078,0,0,0,0,0,5512,
2016,1231,34444,0,2354985,4284536,CUSTOMERS BANK,Phoenixville,PA,19460,42735,44517,SM,99 Bridge St,CUSTOMERS BCORP INC,16,0,1,4,0,Chester,37980,"Philadelphia-Camden-Wilmington, PA-NJ-DE-MD",35607,35607,40803,Stock,0,0,FED,DIF,New York,NEW YORK,Philadelphia,Philadelphia,Northeastern,Northeast,0,1,http://www.customersbank.com,8234833,37315,8272148,0,8272148,5127482,5127482,72492,1476872,367060,1109812,3204511,364129,9478,,137,729561,0,70534,0,65,0,70469,2344434,0,11658,2322281,10495,0,193,5154596,14272,9847,3372,6875,65617,37405,
2016,1231,29047,2825,950178,,FIRST FEDERAL BANK OF KANSAS CITY,Kansas City,MO,64120,42735,44517,SA,6900 N. Executive Dr.,,12,0,1,5,0,Jackson,28140,"Kansas City, MO-KS",12601,12767,42490,Non-Stock,0,0,OCC,DIF,Kansas City,KANSAS CITY,Kansas City,Kansas City,Western,West,0,1,www.ffbkc.com,475570,1622,477192,0,477192,476038,476038,37769,0,0,0,0,438269,0,,0,0,0,1154,0,0,371,783,0,0,0,0,0,0,0,353724,0,0,0,36972,797,1699,
2017,331,58410,0,3783313,4389329,CROSS RIVER BANK,Teaneck,NJ,7666,42825,44517,NM,885 Teaneck Rd.,CRB GROUP INC,1,0,0,4,0,Bergen,35620,"New York-Newark-Jersey City, NY-NJ-PA",39622,39622,40469,Stock,0,0,FDIC,DIF,New York,NEW YORK,Jamesburg,New York,Northeastern,Northeast,0,1,"http://www.crossriverbank.com, https://www.brixdirect.com",519081,7100,526181,1774,527955,242044,242044,0,119976,34678,85298,58717,63351,0,,0,32387,,253501,4,179,0,253318,23,,0,23,0,0,0,134078,,0,0,0,0,7139,
2017,331,34444,0,2354985,4284536,CUSTOMERS BANK,Phoenixville,PA,19460,42825,44517,SM,99 Bridge St,CUSTOMERS BCORP INC,16,0,1,4,0,Chester,37980,"Philadelphia-Camden-Wilmington, PA-NJ-DE-MD",35607,35607,40803,Stock,0,0,FED,DIF,New York,NEW YORK,Philadelphia,Philadelphia,Northeastern,Northeast,0,1,http://www.customersbank.com,8244108,39883,8283991,0,8283991,5554644,5554644,60264,1506198,364399,1141799,3444773,533950,9459,,134,757636,0,68609,0,45,0,68564,1902968,,12243,1880300,10425,0,191,5178393,14205,10507,3984,5774,54490,40049,
2017,331,29047,2825,950178,,FIRST FEDERAL BANK OF KANSAS CITY,Kansas City,MO,64120,42825,44517,SA,6900 N. Executive Dr.,,12,0,1,5,0,Jackson,28140,"Kansas City, MO-KS",12601,12767,42490,Non-Stock,0,0,OCC,DIF,Kansas City,KANSAS CITY,Kansas City,Kansas City,Western,West,0,1,www.ffbkc.com,488273,1703,489976,0,489976,488743,488743,43398,0,0,0,0,445345,0,,0,0,,1233,0,0,369,864,0,,0,0,0,0,0,385459,,0,0,42849,549,1780,
2017,630,58410,0,3783313,4389329,CROSS RIVER BANK,Teaneck,NJ,7666,42916,44517,NM,885 Teaneck Rd.,CRB GROUP INC,1,0,0,4,0,Bergen,35620,"New York-Newark-Jersey City, NY-NJ-PA",39622,39622,40469,Stock,0,0,FDIC,DIF,New York,NEW YORK,Jamesburg,New York,Northeastern,Northeast,0,1,"http://www.crossriverbank.com, https://www.brixdirect.com",561510,8050,569560,1971,571531,253307,253307,2085,123154,35904,87250,62281,65787,0,,0,33472,,272251,3,179,0,272069,12501,,0,12501,0,0,0,135203,,0,0,0,2085,7056,
2017,630,34444,0,2354985,4284536,CUSTOMERS BANK,Phoenixville,PA,19460,42916,44517,SM,99 Bridge St,CUSTOMERS BCORP INC,16,0,1,4,0,Chester,37980,"Philadelphia-Camden-Wilmington, PA-NJ-DE-MD",35607,35607,40803,Stock,0,0,FED,DIF,New York,NEW YORK,Philadelphia,Philadelphia,Northeastern,Northeast,0,1,http://www.customersbank.com,8941846,38458,8980304,0,8980304,5810501,5810501,73053,1538591,378811,1159780,3569191,620291,9375,,131,753730,0,66383,0,126,0,66257,2349559,,11605,2327734,10220,0,14,5460442,14141,10426,3846,758,72295,38555,
2017,630,29047,2825,950178,,FIRST FEDERAL BANK OF KANSAS CITY,Kansas City,MO,64120,42916,44517,SA,6900 N. Executive Dr.,,12,0,1,5,0,Jackson,28140,"Kansas City, MO-KS",12601,12767,42490,Non-Stock,0,0,OCC,DIF,Kansas City,KANSAS CITY,Kansas City,Kansas City,Western,West,0,1,www.ffbkc.com,505293,2474,507767,0,507767,506278,506278,43886,0,0,0,0,462392,0,,0,0,,1490,0,0,458,1032,0,,0,0,0,0,0,390832,,0,0,43427,459,2551,
2017,930,58410,0,3783313,4389329,CROSS RIVER BANK,Teaneck,NJ,7666,43008,44517,NM,885 Teaneck Rd.,CRB GROUP INC,1,0,0,4,0,Bergen,35620,"New York-Newark-Jersey City, NY-NJ-PA",39622,39622,40469,Stock,0,0,FDIC,DIF,New York,NEW YORK,Jamesburg,New York,Northeastern,Northeast,0,1,"http://www.crossriverbank.com, https://www.brixdirect.com",654520,8800,663320,2335,665655,255644,255644,2085,115053,30636,84417,72549,65957,0,,0,34541,,330812,4,180,0,330628,44657,,0,44657,0,0,0,143043,,0,0,0,2085,7757,
2017,930,34444,0,2354985,4284536,CUSTOMERS BANK,Phoenixville,PA,19460,43008,44517,SM,99 Bridge St,CUSTOMERS BCORP INC,16,0,1,4,0,Chester,37980,"Philadelphia-Camden-Wilmington, PA-NJ-DE-MD",35607,35607,40803,Stock,0,0,FED,DIF,New York,NEW YORK,Philadelphia,Philadelphia,Northeastern,Northeast,0,1,http://www.customersbank.com,9136317,38314,9174631,0,9174631,6092003,6092003,87338,1601509,420806,1180703,3785230,609434,8492,,128,804593,0,63892,0,133,0,63759,2214015,,10715,2190322,12978,0,12,5710863,14075,10375,3825,755,86583,38530,
2017,930,29047,2825,950178,,FIRST FEDERAL BANK OF KANSAS CITY,Kansas City,MO,64120,43008,44517,SA,6900 N. Executive Dr.,,12,0,1,5,0,Jackson,28140,"Kansas City, MO-KS",12601,12767,42490,Non-Stock,0,0,OCC,DIF,Kansas City,KANSAS CITY,Kansas City,Kansas City,Western,West,0,1,www.ffbkc.com,504522,2533,507055,0,507055,505612,505612,43608,0,0,0,0,462004,0,,0,0,,1443,0,0,490,953,0,,0,0,0,0,0,399128,,0,0,43196,412,2610,
2017,1231,58410,0,3783313,4389329,CROSS RIVER BANK,Teaneck,NJ,7666,43100,44517,NM,885 Teaneck Rd.,CRB GROUP INC,1,0,0,9,0,Bergen,35620,"New York-Newark-Jersey City, NY-NJ-PA",39622,39622,40469,Stock,0,0,FDIC,DIF,New York,NEW YORK,Jamesburg,New York,Northeastern,Northeast,0,1,"http://www.crossriverbank.com, https://www.brixdirect.com",660959,9385,670344,3670,674014,255851,255851,2085,111967,31188,80779,75426,66373,0,,0,39192,,305292,5,179,0,305108,73679,,0,73679,0,0,0,164095,,0,0,0,2085,7753,
2017,1231,34444,0,2354985,4284536,CUSTOMERS BANK,Phoenixville,PA,19460,43100,44517,SM,99 Bridge St,CUSTOMERS BCORP INC,15,0,1,4,0,Chester,37980,"Philadelphia-Camden-Wilmington, PA-NJ-DE-MD",35607,35607,40803,Stock,0,0,FED,DIF,New York,NEW YORK,Philadelphia,Philadelphia,Northeastern,Northeast,0,1,http://www.customersbank.com,8669728,38015,8707743,0,8707743,5731042,5731042,97388,1575262,420982,1154280,3637226,413680,7486,,125,830188,0,61906,0,146,0,61760,2084482,,10609,2046789,27084,0,10,5534667,14008,9688,3299,128,97260,38222,
2017,1231,29047,2825,950178,,FIRST FEDERAL BANK OF KANSAS CITY,Kansas City,MO,64120,43100,44517,SA,6900 N. Executive Dr.,,12,0,1,5,0,Jackson,28140,"Kansas City, MO-KS",12601,12767,42490,Non-Stock,0,0,OCC,DIF,Kansas City,KANSAS CITY,Kansas City,Kansas City,Western,West,0,1,www.ffbkc.com,513634,2574,516208,0,516208,514632,514632,46764,0,0,0,0,467868,0,,0,0,,1576,0,0,628,948,0,,0,0,0,0,0,408607,,0,0,46357,407,2651,
2018,331,58410,0,3783313,4389329,CROSS RIVER BANK,Teaneck,NJ,7666,43190,44517,NM,885 Teaneck Rd.,CRB GROUP INC,1,0,0,9,0,Bergen,35620,"New York-Newark-Jersey City, NY-NJ-PA",39622,39622,40469,Stock,0,0,FDIC,DIF,New York,NEW YORK,Jamesburg,New York,Northeastern,Northeast,0,1,"http://www.crossriverbank.com, https://www.brixdirect.com",771966,11570,783536,3717,787253,286096,286096,5226,122235,35136,87099,91470,67165,0,,0,39695,,366275,4,180,0,366091,95187,,0,95187,0,0,0,166992,,0,0,0,5226,8950,
2018,331,34444,0,2354985,4284536,CUSTOMERS BANK,Phoenixville,PA,19460,43190,44517,SM,99 Bridge St,CUSTOMERS BCORP INC,15,0,1,4,0,Chester,37980,"Philadelphia-Camden-Wilmington, PA-NJ-DE-MD",35607,35607,40803,Stock,0,0,FED,DIF,New York,NEW YORK,Philadelphia,Philadelphia,Northeastern,Northeast,0,1,http://www.customersbank.com,8779582,39499,8819081,0,8819081,5714668,5714668,92941,1575147,456749,1118398,3636092,403324,7164,,122,910083,0,59880,0,90,0,59790,2134328,,10787,2089826,33715,0,8,5456570,13955,8699,3260,4861,88080,39721,
2018,331,29047,2825,950178,,FIRST FEDERAL BANK OF KANSAS CITY,Kansas City,MO,64120,43190,44517,SA,6900 N. Executive Dr.,,12,0,1,5,0,Jackson,28140,"Kansas City, MO-KS",12601,12767,42490,Non-Stock,0,0,OCC,DIF,Kansas City,KANSAS CITY,Kansas City,Kansas City,Western,West,0,1,www.ffbkc.com,535145,2598,537743,0,537743,535986,535986,47337,0,0,0,0,488649,0,,0,0,,1757,0,0,876,881,0,,0,0,0,0,0,432532,,0,0,47034,303,2675,
2018,630,58410,0,3783313,4389329,CROSS RIVER BANK,Teaneck,NJ,7666,43281,44517,NM,885 Teaneck Rd.,CRB GROUP INC,1,0,0,4,0,Bergen,35620,"New York-Newark-Jersey City, NY-NJ-PA",39622,39622,40469,Stock,0,0,FDIC,DIF,New York,NEW YORK,Jamesburg,New York,Northeastern,Northeast,0,1,"http://www.crossriverbank.com, https://www.brixdirect.com",820510,13350,833860,3327,837187,307127,307127,5554,129570,36634,92936,105398,66605,0,,0,34366,,411828,4,179,0,411645,83866,,0,83866,0,0,0,175642,,0,0,0,5554,9563,
2018,630,34444,0,2354985,4284536,CUSTOMERS BANK,Phoenixville,PA,19460,43281,44517,SM,99 Bridge St,CUSTOMERS BCORP INC,15,0,1,4,0,Chester,37980,"Philadelphia-Camden-Wilmington, PA-NJ-DE-MD",35607,35607,40803,Stock,0,0,FED,DIF,New York,NEW YORK,Philadelphia,Philadelphia,Northeastern,Northeast,0,1,http://www.customersbank.com,9075219,38288,9113507,0,9113507,5896078,5896078,99624,1581202,499593,1081609,3534343,673779,7130,,120,961874,0,58252,0,87,0,58165,2197183,,10760,2150840,35583,0,6,5632608,0,9281,3636,3841,95783,38528,
2018,630,29047,2825,950178,,FIRST FEDERAL BANK OF KANSAS CITY,Kansas City,MO,64120,43281,44517,SA,6900 N. Executive Dr.,,12,0,1,5,0,Jackson,28140,"Kansas City, MO-KS",12601,12767,42490,Non-Stock,0,0,OCC,DIF,Kansas City,KANSAS CITY,Kansas City,Kansas City,Western,West,0,1,www.ffbkc.com,571375,2684,574059,0,574059,572082,572082,54331,0,0,0,0,517751,0,,0,0,,1954,0,0,1095,859,23,,0,23,0,0,0,459053,,0,0,53934,397,2761,
2018,930,58410,0,3783313,4389329,CROSS RIVER BANK,Teaneck,NJ,7666,43373,44517,NM,885 Teaneck Rd.,CRB GROUP INC,1,0,0,4,0,Bergen,35620,"New York-Newark-Jersey City, NY-NJ-PA",39622,39622,40469,Stock,0,0,FDIC,DIF,New York,NEW YORK,Jamesburg,New York,Northeastern,Northeast,0,1,"http://www.crossriverbank.com, https://www.brixdirect.com",936048,15600,951648,5016,956664,340063,340063,6071,149548,47816,101732,115143,69301,0,,0,38736,,466983,4,410,0,466569,110882,,0,110882,0,0,0,198703,,0,0,0,6071,10874,
2018,930,34444,0,2354985,4284536,CUSTOMERS BANK,Phoenixville,PA,19460,43373,44517,SM,99 Bridge St,CUSTOMERS BCORP INC,15,0,1,4,0,Chester,37980,"Philadelphia-Camden-Wilmington, PA-NJ-DE-MD",35607,35607,40803,Stock,0,0,FED,DIF,New York,NEW YORK,Philadelphia,Philadelphia,Northeastern,Northeast,0,1,http://www.customersbank.com,8716919,40741,8757660,0,8757660,5881615,5881615,106733,1593609,517263,1076346,3494780,679317,7176,,117,993280,0,99348,0,74,0,99274,1783301,,9803,1733647,39851,0,4,5527830,0,9311,3477,4270,102463,41003,
2018,930,29047,2825,950178,,FIRST FEDERAL BANK OF KANSAS CITY,Kansas City,MO,64120,43373,44517,SA,6900 N. Executive Dr.,,12,0,1,5,0,Jackson,28140,"Kansas City, MO-KS",12601,12767,42490,Non-Stock,0,0,OCC,DIF,Kansas City,KANSAS CITY,Kansas City,Kansas City,Western,West,0,1,www.ffbkc.com,589248,2836,592084,0,592084,589941,589941,56187,0,0,0,0,533754,0,,0,0,,2111,0,0,1254,857,31,,0,31,0,0,0,477515,,0,0,55890,297,2912,
2018,1231,58410,0,3783313,4389329,CROSS RIVER BANK,Teaneck,NJ,7666,43465,44517,NM,885 Teaneck Rd.,CRB GROUP INC,1,0,0,4,0,Bergen,35620,"New York-Newark-Jersey City, NY-NJ-PA",39622,39622,40469,Stock,0,0,FDIC,DIF,New York,NEW YORK,Jamesburg,New York,Northeastern,Northeast,0,1,"http://www.crossriverbank.com, https://www.brixdirect.com",1011291,18290,1029581,5746,1035327,387560,387560,9828,173277,56747,116530,130073,74382,0,,0,37957,,475388,4,0,0,475384,134421,,0,134421,0,0,0,220530,,0,0,0,9828,11382,
2018,1231,34444,0,2354985,4284536,CUSTOMERS BANK,Phoenixville,PA,19460,43465,44517,SM,99 Bridge St,CUSTOMERS BCORP INC,15,0,1,4,0,Chester,37980,"Philadelphia-Camden-Wilmington, PA-NJ-DE-MD",35607,35607,40803,Stock,0,0,FED,DIF,New York,NEW YORK,Philadelphia,Philadelphia,Northeastern,Northeast,0,1,http://www.customersbank.com,8505028,39972,8545000,0,8545000,5674229,5674229,69798,1585994,543617,1042377,3275971,735321,7145,,0,1060069,0,119210,1,57,0,119152,1691492,,9725,1626473,55294,0,1,5439906,0,9061,3946,4099,65699,40424,
2018,1231,29047,2825,950178,,FIRST FEDERAL BANK OF KANSAS CITY,Kansas City,MO,64120,43465,44517,SA,6900 N. Executive Dr.,,12,0,1,5,0,Jackson,28140,"Kansas City, MO-KS",12601,12767,42490,Non-Stock,0,0,OCC,DIF,Kansas City,KANSAS CITY,Kansas City,Kansas City,Western,West,0,1,www.ffbkc.com,612345,3026,615371,0,615371,598936,598936,55098,0,0,0,0,543838,0,,0,0,,16405,0,0,1284,15121,31,,0,31,0,0,0,490003,,0,0,54803,295,3103,
2019,331,58410,0,3783313,4389329,CROSS RIVER BANK,Teaneck,NJ,7666,43555,44517,NM,885 Teaneck Rd.,CRB GROUP INC,1,0,0,4,0,Bergen,35620,"New York-Newark-Jersey City, NY-NJ-PA",39622,39622,40469,Stock,0,0,FDIC,DIF,New York,NEW YORK,Jamesburg,New York,Northeastern,Northeast,0,1,"http://www.crossriverbank.com, https://www.brixdirect.com",1217087,22350,1239437,9133,1248570,461048,461048,12076,222108,59410,162698,147985,78879,0,,0,47701,0,591796,4,0,0,591792,148026,,0,148026,0,0,0,289005,0,0,0,1595,10481,13925,
2019,331,34444,0,2354985,4284536,CUSTOMERS BANK,Phoenixville,PA,19460,43555,44517,SM,99 Bridge St,CUSTOMERS BCORP INC,15,0,1,4,0,Chester,37980,"Philadelphia-Camden-Wilmington, PA-NJ-DE-MD",35607,35607,40803,Stock,0,0,FED,DIF,New York,NEW YORK,Philadelphia,Philadelphia,Northeastern,Northeast,0,1,http://www.customersbank.com,8702167,43679,8745846,0,8745846,5657446,5657446,73123,1577555,539736,1037819,3206152,792983,7633,,0,1137714,0,191867,3,51,0,191813,1758819,,9544,1692157,57118,0,0,5377525,0,14309,9375,4242,68881,44061,
2019,331,29047,2825,950178,,FIRST FEDERAL BANK OF KANSAS CITY,Kansas City,MO,64120,43555,44517,SA,6900 N. Executive Dr.,,12,0,1,5,0,Jackson,28140,"Kansas City, MO-KS",12601,12767,42490,Non-Stock,0,0,OCC,DIF,Kansas City,KANSAS CITY,Kansas City,Kansas City,Western,West,0,1,www.ffbkc.com,620384,3002,623386,0,623386,607645,607645,50197,0,0,0,0,557448,0,,0,0,,15721,0,0,1431,14290,20,,0,20,0,0,0,497729,,0,0,49820,377,3079,
2019,630,58410,0,3783313,4389329,CROSS RIVER BANK,Teaneck,NJ,7666,43646,44433,NM,885 Teaneck Rd.,CRB GROUP INC,1,0,0,9,0,Bergen,35620,"New York-Newark-Jersey City, NY-NJ-PA",39622,39622,40469,Stock,0,0,FDIC,DIF,New York,NEW YORK,Jamesburg,New York,Northeastern,Northeast,0,0,"http://www.crossriverbank.com, https://www.brixdirect.com",1381952,28700,1410652,6314,1416966,450739,450739,13624,213338,60173,153165,141997,81780,0,,0,58248,0,743337,3,0,0,743334,164642,,0,164642,0,0,0,315089,0,0,0,1733,11891,16196,
2019,630,34444,0,2354985,4284536,CUSTOMERS BANK,Phoenixville,PA,19460,43646,44433,SM,99 Bridge St,CUSTOMERS BCORP INC,15,0,1,4,0,Chester,37980,"Philadelphia-Camden-Wilmington, PA-NJ-DE-MD",35607,35607,40803,Stock,0,0,FED,DIF,New York,NEW YORK,Philadelphia,Philadelphia,Northeastern,Northeast,0,1,http://www.customersbank.com,9672955,48388,9721343,0,9721343,5582569,5582569,78391,1652719,577271,1075448,3011507,832338,7614,,0,1240463,0,592098,39,48,0,592011,2306213,,9530,2231482,65201,0,0,5302164,0,13703,8255,3657,74734,48668,
2019,630,29047,2825,950178,,FIRST FEDERAL BANK OF KANSAS CITY,Kansas City,MO,64120,43646,44433,SA,6900 N. Executive Dr.,,12,0,1,5,0,Jackson,28140,"Kansas City, MO-KS",12601,12767,42490,Non-Stock,0,0,OCC,DIF,Kansas City,KANSAS CITY,Kansas City,Kansas City,Western,West,0,1,www.ffbkc.com,612305,3083,615388,0,615388,599128,599128,42818,0,0,0,0,556310,0,,0,0,,16232,0,0,1554,14678,28,,0,28,0,0,0,488936,,0,0,42497,321,3160,
2019,930,58410,0,3783313,4389329,CROSS RIVER BANK,Teaneck,NJ,7666,43738,44517,NM,885 Teaneck Rd.,CRB GROUP INC,1,0,0,9,0,Bergen,35620,"New York-Newark-Jersey City, NY-NJ-PA",39622,39622,40469,Stock,0,0,FDIC,DIF,New York,NEW YORK,Jamesburg,New York,Northeastern,Northeast,0,0,"http://www.crossriverbank.com, https://www.brixdirect.com",1627319,35980,1663299,9402,1672701,494716,494716,38194,207376,59842,147534,160978,88168,0,,0,62221,0,907511,3,0,0,907508,208253,,0,208253,0,0,0,306224,0,0,0,2669,35525,19090,
2019,930,34444,0,2354985,4284536,CUSTOMERS BANK,Phoenixville,PA,19460,43738,44517,SM,99 Bridge St,CUSTOMERS BCORP INC,15,0,1,4,0,Chester,37980,"Philadelphia-Camden-Wilmington, PA-NJ-DE-MD",35607,35607,43671,Stock,0,0,FED,DIF,New York,NEW YORK,Philadelphia,Philadelphia,Northeastern,Northeast,0,1,http://www.customersbank.com,10226569,51053,10277622,0,10277622,5349341,5349341,74956,1652013,452587,1199426,2799565,815857,6950,,0,1469069,0,678902,87,62,0,678753,2780309,,4336,2700144,75829,0,69032,5160700,0,9023,3455,1346,73610,51099,
2019,930,29047,2825,950178,,FIRST FEDERAL BANK OF KANSAS CITY,Kansas City,MO,64120,43738,44517,SA,6900 N. Executive Dr.,,12,0,1,5,0,Jackson,28140,"Kansas City, MO-KS",12601,12767,42490,Non-Stock,0,0,OCC,DIF,Kansas City,KANSAS CITY,Kansas City,Kansas City,Western,West,0,1,www.ffbkc.com,621341,3344,624685,0,624685,606722,606722,33192,0,0,0,0,573530,0,,0,0,,17924,0,0,1576,16348,39,,0,39,0,0,0,491058,,0,0,32875,317,3422,
2019,1231,58410,0,3783313,4389329,CROSS RIVER BANK,Teaneck,NJ,7666,43830,44517,NM,885 Teaneck Rd.,CRB GROUP INC,1,0,0,9,0,Bergen,35620,"New York-Newark-Jersey City, NY-NJ-PA",39622,39622,40469,Stock,0,0,FDIC,DIF,New York,NEW YORK,Jamesburg,New York,Northeastern,Northeast,0,0,"http://www.crossriverbank.com, https://www.brixdirect.com",1658113,36800,1694913,12125,1707038,506364,506364,24004,224964,61949,163015,164606,92790,0,,0,66898,0,912155,4,0,0,912151,221622,,0,221622,0,0,0,325560,0,0,0,4686,19318,18525,
2019,1231,34444,0,2354985,4284536,CUSTOMERS BANK,Phoenixville,PA,19460,43830,44517,SM,99 Bridge St,CUSTOMERS BCORP INC,15,0,1,4,0,Chester,37980,"Philadelphia-Camden-Wilmington, PA-NJ-DE-MD",35607,35607,43671,Stock,0,0,FED,DIF,New York,NEW YORK,Philadelphia,Philadelphia,Northeastern,Northeast,0,1,http://www.customersbank.com,9994694,56379,10051073,0,10051073,4722213,4722213,79856,1683682,543346,1140336,2396710,555088,6877,,0,1491825,0,1218620,168,1114,0,1217338,2618415,,4931,2523606,89878,0,54459,4576874,0,9050,3228,1121,78735,56428,
2019,1231,29047,2825,950178,,FIRST FEDERAL BANK OF KANSAS CITY,Kansas City,MO,64120,43830,44517,SA,6900 N. Executive Dr.,,11,0,1,5,0,Jackson,28140,"Kansas City, MO-KS",12601,12767,42490,Non-Stock,0,0,OCC,DIF,Kansas City,KANSAS CITY,Kansas City,Kansas City,Western,West,0,1,www.ffbkc.com,607280,3530,610810,0,610810,590491,590491,32380,0,0,0,0,558111,0,,0,0,,20268,0,0,1697,18571,51,,0,51,0,0,0,465448,,0,0,32067,313,3607,
2020,331,58410,0,3783313,4389329,CROSS RIVER BANK,Teaneck,NJ,7666,43921,44517,NM,885 Teaneck Rd.,CRB GROUP INC,1,0,0,9,0,Bergen,35620,"New York-Newark-Jersey City, NY-NJ-PA",39622,39622,43864,Stock,0,0,FDIC,DIF,New York,NEW YORK,Jamesburg,New York,Northeastern,Northeast,0,0,"http://www.crossriverbank.com, https://www.brixdirect.com",1860693,55840,1916533,10281,1926814,538984,538984,39642,232752,63808,168944,173843,92747,0,,0,71305,0,1086447,3,0,0,1086444,230079,,0,230079,0,0,0,335950,0,0,0,15262,24380,22473,
2020,331,34444,0,2354985,4284536,CUSTOMERS BANK,Phoenixville,PA,19460,43921,44517,SM,99 Bridge St,CUSTOMERS BCORP INC,15,0,1,4,0,Chester,37980,"Philadelphia-Camden-Wilmington, PA-NJ-DE-MD",35607,35607,43854,Stock,0,0,FED,DIF,New York,NEW YORK,Philadelphia,Philadelphia,Northeastern,Northeast,0,1,http://www.customersbank.com,10172147,149283,10321430,0,10321430,4371322,4371322,73349,1681066,532249,1148817,2076922,533146,6839,,0,1708312,0,1357768,221,1105,0,1356442,2884028,,4871,2781903,97254,0,100764,4117110,339,9015,3414,1096,72253,66701,
2020,331,29047,2825,950178,,FIRST FEDERAL BANK OF KANSAS CITY,Kansas City,MO,64120,43921,44517,SA,6900 N. Executive Dr.,,11,0,1,5,0,Jackson,28140,"Kansas City, MO-KS",12601,12767,42490,Non-Stock,0,0,OCC,DIF,Kansas City,KANSAS CITY,Kansas City,Kansas City,Western,West,0,1,www.ffbkc.com,593332,3942,597274,0,597274,575672,575672,39937,0,0,0,0,535735,0,,0,0,,21577,0,0,1995,19582,25,,0,25,0,0,0,444570,,0,0,39628,309,0,
2020,630,58410,0,3783313,4389329,CROSS RIVER BANK,Teaneck,NJ,7666,44012,44517,NM,885 Teaneck Rd.,CRB GROUP INC,1,0,0,4,0,Bergen,35620,"New York-Newark-Jersey City, NY-NJ-PA",39622,39622,43864,Stock,0,0,FDIC,DIF,New York,NEW YORK,Jamesburg,New York,Northeastern,Northeast,0,0,"http://www.crossriverbank.com, https://www.brixdirect.com",8031208,61750,8092958,139597,8232555,548890,548890,39607,237508,60697,176811,174978,96797,0,,0,6337755,0,1149466,4,0,0,1149462,196444,,0,196444,0,0,0,317400,0,0,0,14236,25371,23684,
2020,630,34444,0,2354985,4284536,CUSTOMERS BANK,Phoenixville,PA,19460,44012,44517,SM,99 Bridge St,CUSTOMERS BCORP INC,15,0,1,4,0,Chester,37980,"Philadelphia-Camden-Wilmington, PA-NJ-DE-MD",35607,35607,43854,Stock,0,0,FED,DIF,New York,NEW YORK,Philadelphia,Philadelphia,Northeastern,Northeast,0,0,http://www.customersbank.com,15130296,159905,15290201,0,15290201,4344990,4344990,88032,1695612,541938,1153674,2032320,522743,6283,,0,6478880,0,1298713,238,1094,0,1297381,3167618,,4750,3065845,97023,0,94505,8459330,0,9188,3578,2260,85772,74266,
2020,630,29047,2825,950178,,FIRST FEDERAL BANK OF KANSAS CITY,Kansas City,MO,64120,44012,44517,SA,6900 N. Executive Dr.,,11,0,1,5,0,Jackson,28140,"Kansas City, MO-KS",12601,12767,42490,Non-Stock,0,0,OCC,DIF,Kansas City,KANSAS CITY,Kansas City,Kansas City,Western,West,0,1,www.ffbkc.com,558710,4359,563069,0,563069,540922,540922,38743,0,0,0,0,502179,0,,0,0,,22126,0,0,2265,19861,20,,0,20,0,0,0,394025,,0,0,38437,306,0,
2020,930,58410,0,3783313,4389329,CROSS RIVER BANK,Teaneck,NJ,7666,44104,44517,NM,885 Teaneck Rd.,CRB GROUP INC,1,0,0,4,0,Bergen,35620,"New York-Newark-Jersey City, NY-NJ-PA",39622,39622,43864,Stock,0,0,FDIC,DIF,New York,NEW YORK,Jamesburg,New York,Northeastern,Northeast,0,0,"http://www.crossriverbank.com, https://www.brixdirect.com",9890061,70350,9960411,147713,10108124,583241,583241,42989,229684,61147,168537,214813,95755,0,,0,8032431,0,1276720,4,0,0,1276716,215731,,0,215731,0,0,0,321662,0,1549,1549,16448,26541,26079,
2020,930,34444,0,2354985,4284536,CUSTOMERS BANK,Phoenixville,PA,19460,44104,44517,SM,99 Bridge St,CUSTOMERS BCORP INC,15,0,1,4,0,Chester,37980,"Philadelphia-Camden-Wilmington, PA-NJ-DE-MD",35607,35607,43854,Stock,0,0,FED,DIF,New York,NEW YORK,Philadelphia,Philadelphia,Northeastern,Northeast,0,0,http://www.customersbank.com,16449718,155561,16605279,0,16605279,4307370,4307370,100204,1731721,557340,1174381,1954959,511169,9317,,0,6773169,0,1273017,223,1091,0,1271703,4251723,,3887,4140634,107202,0,101226,8904806,0,10391,4467,1713,98491,70752,
2020,930,29047,2825,950178,,FIRST FEDERAL BANK OF KANSAS CITY,Kansas City,MO,64120,44104,44517,SA,6900 N. Executive Dr.,,11,0,1,5,0,Jackson,28140,"Kansas City, MO-KS",12601,12767,42490,Non-Stock,0,0,OCC,DIF,Kansas City,KANSAS CITY,Kansas City,Kansas City,Western,West,0,1,www.ffbkc.com,537522,4743,542265,0,542265,519795,519795,42377,0,0,0,0,477418,0,,0,0,,22441,0,0,2422,20019,30,,0,30,0,0,0,395096,,0,0,42103,274,0,
2020,1231,58410,0,3783313,4389329,CROSS RIVER BANK,Teaneck,NJ,7666,44196,44517,NM,885 Teaneck Rd.,CRB GROUP INC,1,0,0,4,0,Bergen,35620,"New York-Newark-Jersey City, NY-NJ-PA",39622,39622,43864,Stock,0,0,FDIC,DIF,New York,NEW YORK,Jamesburg,New York,Northeastern,Northeast,0,0,"http://www.crossriverbank.com, https://www.brixdirect.com",9132173,50942,9183115,119303,9302418,575367,575367,51498,261882,51633,210249,189765,72222,0,,0,7398128,0,1068199,3,0,0,1068196,260725,,0,260725,0,0,0,211208,0,1922,1922,21116,30382,26470,
2020,1231,34444,0,2354985,4284536,CUSTOMERS BANK,Phoenixville,PA,19460,44196,44517,SM,99 Bridge St,CUSTOMERS BCORP INC,15,0,1,4,0,Chester,37980,"Philadelphia-Camden-Wilmington, PA-NJ-DE-MD",35607,35607,43854,Stock,0,0,FED,DIF,New York,NEW YORK,Philadelphia,Philadelphia,Northeastern,Northeast,0,1,http://www.customersbank.com,15688075,144176,15832251,0,15832251,4123047,4123047,117506,1758953,621628,1137325,1768839,470845,6904,,0,6450887,0,1269374,244,1065,0,1268065,3988943,,4274,3876086,108583,0,110065,8215459,0,9975,4315,852,116654,61537,
2020,1231,29047,2825,950178,,FIRST FEDERAL BANK OF KANSAS CITY,Kansas City,MO,64120,44196,44517,SA,6900 N. Executive Dr.,,11,0,1,5,0,Jackson,28140,"Kansas City, MO-KS",12601,12767,42490,Non-Stock,0,0,OCC,DIF,Kansas City,KANSAS CITY,Kansas City,Kansas City,Western,West,0,1,www.ffbkc.com,555689,5310,560999,0,560999,537532,537532,39521,0,0,0,0,498011,0,,0,0,,23443,0,0,2481,20962,24,,0,24,0,0,0,393156,,0,0,39189,332,0,
2021,331,58410,0,3783313,4389329,CROSS RIVER BANK,Teaneck,NJ,7666,44286,44517,NM,885 Teaneck Rd.,CRB GROUP INC,1,0,0,4,0,Bergen,35620,"New York-Newark-Jersey City, NY-NJ-PA",39622,39622,43864,Stock,0,0,FDIC,DIF,New York,NEW YORK,Jamesburg,New York,Northeastern,Northeast,0,0,"http://www.crossriverbank.com, https://www.brixdirect.com",12397984,39116,12437100,340471,12777571,607136,607136,60510,285526,48859,236667,192587,68513,0,,0,10719629,0,1263048,4,0,0,1263044,187757,,0,187757,0,0,0,301315,0,1529,1529,26445,34065,31706,
2021,331,34444,0,2354985,4284536,CUSTOMERS BANK,Phoenixville,PA,19460,44286,44517,SM,99 Bridge St,CUSTOMERS BCORP INC,15,0,1,4,0,Chester,37980,"Philadelphia-Camden-Wilmington, PA-NJ-DE-MD",35607,35607,43854,Stock,0,0,FED,DIF,New York,NEW YORK,Philadelphia,Philadelphia,Northeastern,Northeast,0,1,http://www.customersbank.com,16039570,128736,16168306,0,16168306,3963508,3963508,83086,1720185,638065,1082120,1697360,456037,6840,,0,6284491,0,1440176,468,1028,0,1438680,4480131,,4271,4368276,107584,0,243829,6827701,0,9840,3136,649,82437,49042,
2021,331,29047,2825,950178,,FIRST FEDERAL BANK OF KANSAS CITY,Kansas City,MO,64120,44286,44517,SA,6900 N. Executive Dr.,,11,0,1,5,0,Jackson,28140,"Kansas City, MO-KS",12601,12767,42490,Non-Stock,0,0,OCC,DIF,Kansas City,KANSAS CITY,Kansas City,Kansas City,Western,West,0,1,www.ffbkc.com,566330,6329,572659,0,572659,543498,543498,43486,0,0,0,0,500012,0,,0,0,,29141,0,0,3243,25898,20,,0,20,0,0,0,384132,,0,0,43121,365,0,
2021,630,58410,0,3783313,4389329,CROSS RIVER BANK,Teaneck,NJ,7666,44377,44433,NM,885 Teaneck Rd.,CRB GROUP INC,2,0,1,4,0,Bergen,35620,"New York-Newark-Jersey City, NY-NJ-PA",39622,39622,43864,Stock,0,0,FDIC,DIF,New York,NEW YORK,Jamesburg,New York,Northeastern,Northeast,0,0,"http://www.crossriverbank.com, https://www.brixdirect.com",13431305,33135,13464440,395943,13860383,610787,610787,64473,314667,40888,273779,187725,43922,0,,0,11712122,0,1368478,5,0,0,1368473,168996,,0,168996,0,0,0,254744,0,1529,1529,29171,35302,31678,
2021,630,34444,0,2354985,4284536,CUSTOMERS BANK,Phoenixville,PA,19460,44377,44433,SM,99 Bridge St,CUSTOMERS BCORP INC,15,0,1,4,0,Chester,37980,"Philadelphia-Camden-Wilmington, PA-NJ-DE-MD",35607,35607,43854,Stock,0,0,FED,DIF,New York,NEW YORK,Philadelphia,Philadelphia,Northeastern,Northeast,0,1,http://www.customersbank.com,16841586,125436,16967022,0,16967022,3863247,3863247,101600,1797791,713155,1084636,1543333,413764,6759,,0,7543953,24674,1610149,698,1084,0,1608367,3949673,,4162,3816018,129493,0,283389,7097039,0,10985,3318,935,100665,46616,
2021,630,29047,2825,950178,,FIRST FEDERAL BANK OF KANSAS CITY,Kansas City,MO,64120,44377,44433,SA,6900 N. Executive Dr.,,11,0,1,5,0,Jackson,28140,"Kansas City, MO-KS",12601,12767,42490,Non-Stock,0,0,OCC,DIF,Kansas City,KANSAS CITY,Kansas City,Kansas City,Western,West,0,1,www.ffbkc.com,539251,6490,545741,0,545741,501667,501667,52207,0,0,0,0,449460,0,,0,0,,44042,0,0,3879,40163,32,,0,32,0,0,0,384132,,0,0,51906,301,0,
2021,930,58410,0,3783313,4389329,CROSS RIVER BANK,Teaneck,NJ,7666,44469,44517,NM,885 Teaneck Rd.,CRB GROUP INC,2,0,1,4,0,Bergen,35620,"New York-Newark-Jersey City, NY-NJ-PA",39622,39622,43864,Stock,0,0,FDIC,DIF,New York,NEW YORK,Jamesburg,New York,Northeastern,Northeast,0,0,"http://www.crossriverbank.com, https://www.brixdirect.com",10078980,40140,10119120,250990,10370110,717064,717064,63374,387128,42204,344924,224914,41648,0,,0,8004275,0,1462550,3,0,0,1462547,186220,,0,186220,0,0,0,265147,0,2376,2376,30114,33260,36310,
2021,930,34444,0,2354985,4284536,CUSTOMERS BANK,Phoenixville,PA,19460,44469,44517,SM,99 Bridge St,CUSTOMERS BCORP INC,15,0,1,4,0,Chester,37980,"Philadelphia-Camden-Wilmington, PA-NJ-DE-MD",35607,35607,43854,Stock,0,0,FED,DIF,New York,NEW YORK,Philadelphia,Philadelphia,Northeastern,Northeast,0,1,http://www.customersbank.com,15384041,131496,15515537,0,15515537,3653853,3653853,105688,1706656,698478,1008178,1436153,398572,6784,,0,6280904,23955,1655650,737,1333,0,1653580,3925130,,4114,3784728,136288,0,346107,3675446,0,10247,2888,1432,104256,51666,
2021,930,29047,2825,950178,,FIRST FEDERAL BANK OF KANSAS CITY,Kansas City,MO,64120,44469,44517,SA,6900 N. Executive Dr.,,11,0,1,5,0,Jackson,28140,"Kansas City, MO-KS",12601,12767,42490,Non-Stock,0,0,OCC,DIF,Kansas City,KANSAS CITY,Kansas City,Kansas City,Western,West,0,1,www.ffbkc.com,553959,7365,561324,0,561324,491642,491642,53543,0,0,0,0,438099,0,,0,0,,69648,0,0,3903,65745,34,,0,34,0,0,0,356786,,0,0,53260,283,0,
2021,1231,58410,0,3783313,4389329,CROSS RIVER BANK,Teaneck,NJ,7666,44469,44517,NM,885 Teaneck Rd.,CRB GROUP INC,2,0,1,4,0,Bergen,35620,"New York-Newark-Jersey City, NY-NJ-PA",39622,39622,43864,Stock,0,0,FDIC,DIF,New York,NEW YORK,Jamesburg,New York,Northeastern,Northeast,0,0,"http://www.crossriverbank.com, https://www.brixdirect.com",10078980,40140,10119120,250990,10370110,717064,717064,63374,387128,42204,344924,224914,41648,0,,0,8004275,0,1462550,3,0,0,1462547,186220,,0,186220,0,0,0,0,265147,2376,2376,30114,33260,36310,
2021,1231,34444,0,2354985,4284536,CUSTOMERS BANK,Phoenixville,PA,19460,44469,44517,SM,99 Bridge St,CUSTOMERS BCORP INC,15,0,1,4,0,Chester,37980,"Philadelphia-Camden-Wilmington, PA-NJ-DE-MD",35607,35607,43854,Stock,0,0,FED,DIF,New York,NEW YORK,Philadelphia,Philadelphia,Northeastern,Northeast,0,1,http://www.customersbank.com,15384041,131496,15515537,0,15515537,3653853,3653853,105688,1706656,698478,1008178,1436153,398572,6784,,0,6280904,23955,1655650,737,1333,0,1653580,3925130,,4114,3784728,136288,0,346107,0,3675446,10247,2888,1432,104256,51666,
2021,1231,29047,2825,950178,,FIRST FEDERAL BANK OF KANSAS CITY,Kansas City,MO,64120,44469,44517,SA,6900 N. Executive Dr.,,11,0,1,5,0,Jackson,28140,"Kansas City, MO-KS",12601,12767,42490,Non-Stock,0,0,OCC,DIF,Kansas City,KANSAS CITY,Kansas City,Kansas City,Western,West,0,1,www.ffbkc.com,553959,7365,561324,0,561324,491642,491642,53543,0,0,0,0,438099,0,,0,0,,69648,0,0,3903,65745,34,,0,34,0,0,0,,356786,0,0,53260,283,0,